year,product,quantity,market_quantity,price,months,corn_ppi,share,poultry,outside_share,complete_market
2000,Beef,96.8071,272.9214,2.7610442573333334,1,76.39166666666667,0.3547068863049948,0,0.011569997808892896,FALSE
2001,Beef,94.7518,269.752,3.0058461499166667,1,78.775,0.35125522702333994,0,0.01183494468993751,FALSE
2002,Beef,96.8071,278.4877,3.0521231530833335,1,89.35833333333333,0.34761714790276194,0,0.012538076187925018,FALSE
2003,Beef,92.9024,275.8453,3.3104021805,1,93.77499999999999,0.33679167272380567,0,0.012291672180022695,FALSE
2004,Beef,94.6241,279.2479,3.6120465788333336,1,97.51666666666667,0.3388533987184863,0,0.010292288679700112,FALSE
2005,Beef,93.7664,278.1388,3.6441188304166667,1,75.93333333333334,0.3371208907207481,0,0.011043407104654235,FALSE
2006,Beef,94.1621,278.649,3.6136598859166664,1,95.55833333333334,0.3379236961194908,0,0.010296466163524753,FALSE
2007,Beef,93.2779,278.5414,3.77419537375,1,141.44166666666666,0.33487984191937,0,0.010339576091740743,FALSE
2008,Beef,89.2724,270.9528,3.9667793836666667,1,199.08333333333334,0.32947583490556287,0,0.011029965366661676,FALSE
2009,Beef,87.3077,264.7313,3.89290899225,1,146.875,0.3297974210076406,0,0.01097679042863453,FALSE
2010,Beef,85.113,261.8726,4.021327630416667,1,160.85833333333335,0.3250168211565471,0,0.010998477885811653,FALSE
2011,Beef,81.8075,256.073,4.440094698666667,1,267.3,0.3194694481651717,0,0.010834410500130787,FALSE
2012,Beef,81.9454,253.5127,4.693679379833333,1,278.7833333333333,0.32323982191030276,0,0.010703605775963076,FALSE
2013,Beef,80.5136,255.0005,4.9381782904166664,1,243.95,0.3157389887470809,0,0.010596449810882702,FALSE
2014,Beef,77.4619,252.2838,5.600291543916667,1,163.16666666666666,0.30704270349503215,0,0.010627713709719044,FALSE
2015,Beef,77.1816,263.5971,6.037575896833333,1,149.6,0.2928014003188958,0,0.009691684771949372,FALSE
2016,Beef,79.425,267.9345,5.741387977083333,1,137.725,0.29643438974824066,0,0.00977104478893176,FALSE
2017,Beef,81.4585,271.3291,5.645985365666667,1,136.1,0.30022028599217704,0,0.010025832098363163,FALSE
2018,Beef,81.8571,274.4541,5.688164986916666,1,140.98333333333332,0.2982542436057614,0,0.010700878580425566,FALSE
2019,Beef,82.5249,278.503,5.819341352916666,1,151.375,0.29631601813984054,0,0.010342797025525763,FALSE
2020,Beef,83.1529,280.2057,6.384500835583333,1,143.51666666666665,0.29675663271660785,0,0.010701067108913165,FALSE
2021,Beef,84.1274,280.7595,6.9463999701666665,1,242.51541666666668,0.2996422204769562,0,0.011428642663916966,FALSE
2022,Beef,84.2084,282.5196,7.2974921691666665,1,289.60908333333333,0.29806215214802795,0,0.011650165156683046,FALSE
2023,Beef,82.4977,279.8166,7.597055623,1,235.22458333333333,0.2948277550366919,0,0.011056527739955357,FALSE
2024,Beef,84.4267,283.4596,8.0129929425,1,170.373,0.29784385499732585,0,0.01132365952678982,FALSE
2025,Beef,84.5316,283.9794,8.842300619166666,1,172.28658333333334,0.2976680702896055,0,0.0102458136047896,FALSE
2000,Pork,66.0019,272.9214,2.582004866666667,1,76.39166666666667,0.24183482863564384,0,0.011569997808892896,FALSE
2001,Pork,64.901,269.752,2.693949175,1,78.775,0.24059506509682965,0,0.01183494468993751,FALSE
2002,Pork,66.4775,278.4877,2.657516552,1,89.35833333333333,0.23870892682154365,0,0.012538076187925018,FALSE
2003,Pork,66.8987,275.8453,2.6579556938333333,1,93.77499999999999,0.24252252983828257,0,0.012291672180022695,FALSE
2004,Pork,66.3077,279.2479,2.791717482166667,1,97.51666666666667,0.23745102469884283,0,0.010292288679700112,FALSE
2005,Pork,64.5051,278.1388,2.8269384548333334,1,75.93333333333334,0.23191694218857634,0,0.011043407104654235,FALSE
2006,Pork,63.7683,278.649,2.807286033,1,95.55833333333334,0.22884812075406696,0,0.010296466163524753,FALSE
2007,Pork,65.5075,278.5414,2.870510742,1,141.44166666666666,0.23518047945475964,0,0.010339576091740743,FALSE
2008,Pork,63.8054,270.9528,2.9365015294166668,1,199.08333333333334,0.23548529485578298,0,0.011029965366661676,FALSE
2009,Pork,64.6684,264.7313,2.919736847833333,1,146.875,0.24427938819474695,0,0.01097679042863453,FALSE
2010,Pork,61.5823,261.8726,3.1134714765,1,160.85833333333335,0.23516129598896562,0,0.010998477885811653,FALSE
2011,Pork,58.9092,256.073,3.4335313113333332,1,267.3,0.23004846274304594,0,0.010834410500130787,FALSE
2012,Pork,59.219,253.5127,3.46676450075,1,278.7833333333333,0.23359381995458217,0,0.010703605775963076,FALSE
2013,Pork,60.3745,255.0005,3.643909535666667,1,243.95,0.23676228085827283,0,0.010596449810882702,FALSE
2014,Pork,59.1166,252.2838,4.018761473916666,1,163.16666666666666,0.2343257870699585,0,0.010627713709719044,FALSE
2015,Pork,64.1648,263.5971,3.852639656,1,149.6,0.2434199769269085,0,0.009691684771949372,FALSE
2016,Pork,64.6432,267.9345,3.7467431285833332,1,137.725,0.24126493601981078,0,0.00977104478893176,FALSE
2017,Pork,64.6774,271.3291,3.7842058031666665,1,136.1,0.2383725151485779,0,0.010025832098363163,FALSE
2018,Pork,65.7281,274.4541,3.7442810485833333,1,140.98333333333332,0.23948667554975495,0,0.010700878580425566,FALSE
2019,Pork,67.1357,278.503,3.843299967666667,1,151.375,0.24105916273792383,0,0.010342797025525763,FALSE
2020,Pork,66.748,280.2057,4.029325607166666,1,143.51666666666665,0.23821071448582243,0,0.010701067108913165,FALSE
2021,Pork,65.7671,280.7595,4.503149953583334,1,242.51541666666668,0.23424710472842414,0,0.011428642663916966,FALSE
2022,Pork,65.6512,282.5196,4.89704690125,1,289.60908333333333,0.23237750584384234,0,0.011650165156683046,FALSE
2023,Pork,64.2879,279.8166,4.80885356075,1,235.22458333333333,0.22975012919176344,0,0.011056527739955357,FALSE
2024,Pork,64.2837,283.4596,4.87342476975,1,170.373,0.22678258206813243,0,0.01132365952678982,FALSE
2025,Pork,63.5892,283.9794,4.947011928916667,1,172.28658333333334,0.2239218760234017,0,0.0102458136047896,FALSE
2000,Broiler,89.5952,272.9214,1.5532416666666666,1,76.39166666666667,0.3282820621614868,1,0.011569997808892896,FALSE
2001,Broiler,89.3624,269.752,1.5771260615,1,78.775,0.33127613511669973,1,0.01183494468993751,FALSE
2002,Broiler,93.9728,278.4877,1.6184916666666667,1,89.35833333333333,0.3374396786644437,1,0.012538076187925018,FALSE
2003,Broiler,95.1954,275.8453,1.6131311498333334,1,93.77499999999999,0.3451043030278203,1,0.012291672180022695,FALSE
2004,Broiler,98.3561,279.2479,1.72782779425,1,97.51666666666667,0.352217868066331,1,0.010292288679700112,FALSE
2005,Broiler,100.0588,278.1388,1.7406916666666667,1,75.93333333333334,0.35974412775204323,1,0.011043407104654235,FALSE
2006,Broiler,100.9018,278.649,1.5706572639166667,1,95.55833333333334,0.3621107558254291,1,0.010296466163524753,FALSE
2007,Broiler,99.3088,278.5414,1.6511132921666667,1,141.44166666666666,0.3565315604789809,1,0.010339576091740743,FALSE
2008,Broiler,97.2582,270.9528,1.7464337235,1,199.08333333333334,0.35894886489454986,1,0.011029965366661676,FALSE
2009,Broiler,92.8915,264.7313,1.7796629458333333,1,146.875,0.35088975123077626,1,0.01097679042863453,FALSE
2010,Broiler,95.8838,261.8726,1.7527951576666667,1,160.85833333333335,0.36614674463842345,1,0.010998477885811653,FALSE
2011,Broiler,96.5152,256.073,1.7672353193333334,1,267.3,0.3769050231769847,1,0.010834410500130787,FALSE
2012,Broiler,93.6315,253.5127,1.892501536,1,278.7833333333333,0.3693365263357615,1,0.010703605775963076,FALSE
2013,Broiler,95.3932,255.0005,1.9646653529166667,1,243.95,0.37409024688186887,1,0.010596449810882702,FALSE
2014,Broiler,97.1687,252.2838,1.9626850476666666,1,163.16666666666666,0.3851563199856669,1,0.010627713709719044,FALSE
2015,Broiler,103.6948,263.5971,1.9666753281666667,1,149.6,0.3933836904882489,1,0.009691684771949372,FALSE
2016,Broiler,104.5887,267.9345,1.8972588341666665,1,137.725,0.39035174641563514,1,0.00977104478893176,FALSE
2017,Broiler,106.0156,271.3291,1.875649586,1,136.1,0.3907269806297961,1,0.010025832098363163,FALSE
2018,Broiler,107.7428,274.4541,1.87285691775,1,140.98333333333332,0.3925712896983503,1,0.010700878580425566,FALSE
2019,Broiler,110.0437,278.503,1.8765256683333333,1,151.375,0.39512572575519833,1,0.010342797025525763,FALSE
2020,Broiler,111.6082,280.2057,1.9918104310833333,1,143.51666666666665,0.3983081000850447,1,0.010701067108913165,FALSE
2021,Broiler,112.3469,280.7595,2.09437589125,1,242.51541666666668,0.4001535121696684,1,0.011428642663916966,FALSE
2022,Broiler,114.8955,282.5196,2.4279336624166667,1,289.60908333333333,0.40668151873356745,1,0.011650165156683046,FALSE
2023,Broiler,115.2362,279.8166,2.45994073625,1,235.22458333333333,0.41182760422362363,1,0.011056527739955357,FALSE
2024,Broiler,117.7161,283.4596,2.425695701,1,170.373,0.4152835183567605,1,0.01132365952678982,FALSE
2025,Broiler,119.77,283.9794,2.45448406,1,172.28658333333334,0.421755944269197,1,0.0102458136047896,FALSE
2000,Turkey,17.3595,272.9214,1.0308333333333333,12,76.39166666666667,0.06360622508898166,1,0.011569997808892896,FALSE
2001,Turkey,17.5443,269.752,1.0973333333333333,12,78.775,0.06503862807319315,1,0.01183494468993751,FALSE
2002,Turkey,17.7386,278.4877,1.0528333333333333,12,89.35833333333333,0.0636961704233257,1,0.012538076187925018,FALSE
2003,Turkey,17.4582,275.8453,1.08175,12,93.77499999999999,0.0632898222300688,1,0.012291672180022695,FALSE
2004,Turkey,17.0859,279.2479,1.0903333333333334,12,97.51666666666667,0.06118541983663977,1,0.010292288679700112,FALSE
2005,Turkey,16.7369,278.1388,1.07225,12,75.93333333333334,0.060174632233978134,1,0.011043407104654235,FALSE
2006,Turkey,16.9477,278.649,1.1081666666666667,12,95.55833333333334,0.06082096113748839,1,0.010296466163524753,FALSE
2007,Turkey,17.5672,278.5414,1.1499166666666667,12,141.44166666666666,0.06306854205514871,1,0.010339576091740743,FALSE
2008,Turkey,17.6282,270.9528,1.2495833333333333,12,199.08333333333334,0.06506003997744256,1,0.011029965366661676,FALSE
2009,Turkey,16.9578,264.7313,1.396,12,146.875,0.06405664913820164,1,0.01097679042863453,FALSE
2010,Turkey,16.4133,261.8726,1.4766666666666666,12,160.85833333333335,0.0626766603302522,1,0.010998477885811653,FALSE
2011,Turkey,16.0667,256.073,1.5836666666666668,12,267.3,0.06274265541466692,1,0.010834410500130787,FALSE
2012,Turkey,16.0033,253.5127,1.6216666666666666,12,278.7833333333333,0.06312622602339055,1,0.010703605775963076,FALSE
2013,Turkey,16.0171,255.0005,NA,11,243.95,0.0628120337018947,1,0.010596449810882702,FALSE
2014,Turkey,15.8554,252.2838,1.60125,12,163.16666666666666,0.06284747573962339,1,0.010627713709719044,FALSE
2015,Turkey,16.0012,263.5971,1.5054166666666666,12,149.6,0.06070324749399747,1,0.009691684771949372,FALSE
2016,Turkey,16.6596,267.9345,1.5526666666666666,12,137.725,0.06217788302738169,1,0.00977104478893176,FALSE
2017,Turkey,16.4573,271.3291,1.5820833333333333,12,136.1,0.060654386131085834,1,0.010025832098363163,FALSE
2018,Turkey,16.1892,274.4541,1.50075,12,140.98333333333332,0.05898691256570771,1,0.010700878580425566,FALSE
2019,Turkey,15.9182,278.503,1.52,12,151.375,0.057156296341511585,1,0.010342797025525763,FALSE
2020,Turkey,15.6981,280.2057,NA,2,143.51666666666665,0.05602348560361192,1,0.010701067108913165,FALSE
2021,Turkey,15.3094,280.7595,NA,NA,242.51541666666668,0.054528519961034264,1,0.011428642663916966,FALSE
2022,Turkey,14.4731,282.5196,NA,NA,289.60908333333333,0.05122865811787925,1,0.011650165156683046,FALSE
2023,Turkey,14.701,279.8166,NA,NA,235.22458333333333,0.05253798380796565,1,0.011056527739955357,FALSE
2024,Turkey,13.8233,283.4596,NA,NA,170.373,0.04876638505099139,1,0.01132365952678982,FALSE
2025,Turkey,13.179,283.9794,NA,NA,172.28658333333334,0.04640829581300616,1,0.0102458136047896,FALSE
