"date","CPIAUCNS","UNRATE","inflation","phase","run"
2019-01-01,251.712,4,1.55123513819913,"Before the shock",0
2019-02-01,252.776,3.8,1.52013526593331,"Before the shock",0
2019-03-01,254.202,3.8,1.86252274056917,"Before the shock",0
2019-04-01,255.548,3.7,1.99643977553026,"Before the shock",0
2019-05-01,256.092,3.6,1.7902284687664,"Before the shock",0
2019-06-01,256.143,3.6,1.64848465607625,"Before the shock",0
2019-07-01,256.571,3.7,1.81146480639351,"Before the shock",0
2019-08-01,256.558,3.6,1.74977988942915,"Before the shock",0
2019-09-01,256.759,3.5,1.71130451316952,"Before the shock",0
2019-10-01,257.346,3.6,1.76404294442138,"Before the shock",0
2019-11-01,257.208,3.6,2.05127798189162,"Before the shock",0
2019-12-01,256.974,3.6,2.28512974012172,"Before the shock",0
2020-01-01,257.971,3.6,2.48657195525046,"Before the shock",0
2020-02-01,258.678,3.5,2.33487356394595,"Before the shock",0
2020-03-01,258.115,4.4,1.53932699191981,"Shock and reopening",0
2020-04-01,256.389,14.8,0.329096686336827,"Shock and reopening",0
2020-05-01,256.394,13.2,0.117926370210708,"Shock and reopening",0
2020-06-01,257.797,11,0.645733047555486,"Shock and reopening",0
2020-07-01,259.101,10.2,0.986081825303708,"Shock and reopening",0
2020-08-01,259.918,8.4,1.30964538233072,"Shock and reopening",0
2020-09-01,260.28,7.8,1.37132486105647,"Shock and reopening",0
2020-10-01,260.388,6.9,1.18206616772749,"Shock and reopening",0
2020-11-01,260.229,6.7,1.17453578426796,"Shock and reopening",0
2020-12-01,260.474,6.7,1.36200549471932,"Shock and reopening",0
2021-01-01,261.582,6.4,1.39976974156009,"Shock and reopening",0
2021-02-01,263.014,6.2,1.67621521737451,"Shock and reopening",0
2021-03-01,264.877,6.1,2.61976250895919,"Shock and reopening",0
2021-04-01,267.054,6.1,4.15969483870211,"Shock and reopening",0
2021-05-01,269.195,5.8,4.99270653759447,"Shock and reopening",0
2021-06-01,271.696,5.9,5.39145141332134,"Shock and reopening",0
2021-07-01,273.003,5.4,5.3654752393854,"Shock and reopening",0
2021-08-01,273.567,5.1,5.25127155487499,"Shock and reopening",0
2021-09-01,274.31,4.7,5.39034885507916,"Shock and reopening",0
2021-10-01,276.589,4.5,6.2218689033289,"Shock and reopening",0
2021-11-01,277.948,4.1,6.80900283980648,"Shock and reopening",0
2021-12-01,278.802,3.9,7.03640286554514,"Shock and reopening",0
2022-01-01,281.148,4,7.47987246828912,"Shock and reopening",0
2022-02-01,283.716,3.9,7.87106389773928,"Shock and reopening",0
2022-03-01,287.504,3.7,8.54245555484243,"Shock and reopening",0
2022-04-01,289.109,3.7,8.25862934088237,"Shock and reopening",0
2022-05-01,292.296,3.6,8.58151154367652,"Shock and reopening",0
2022-06-01,296.311,3.6,9.05975796478415,"Shock and reopening",0
2022-07-01,296.276,3.5,8.52481474562552,"Inflation retreat",0
2022-08-01,296.171,3.6,8.26269250311624,"Inflation retreat",0
2022-09-01,296.808,3.5,8.20166964383362,"Inflation retreat",0
2022-10-01,298.012,3.6,7.74542733080492,"Inflation retreat",0
2022-11-01,297.711,3.6,7.11032279419173,"Inflation retreat",0
2022-12-01,296.797,3.5,6.45440133141082,"Inflation retreat",0
2023-01-01,299.17,3.5,6.41014696885627,"Inflation retreat",0
2023-02-01,300.84,3.6,6.0356130778666,"Inflation retreat",0
2023-03-01,301.836,3.5,4.98497412209917,"Inflation retreat",0
2023-04-01,303.363,3.4,4.93032039818893,"Inflation retreat",0
2023-05-01,304.127,3.6,4.04760927279197,"Inflation retreat",0
2023-06-01,305.109,3.6,2.96917765455889,"Inflation retreat",0
2023-07-01,305.691,3.5,3.17778017794217,"Inflation retreat",0
2023-08-01,307.026,3.7,3.66511238439955,"Inflation retreat",0
2023-09-01,307.789,3.7,3.69969812134443,"Inflation retreat",0
2023-10-01,307.671,3.9,3.2411446518932,"Inflation retreat",0
2023-11-01,307.051,3.7,3.13727070884178,"Inflation retreat",0
2023-12-01,306.746,3.8,3.35212283143023,"Inflation retreat",0
2024-01-01,308.417,3.7,3.09088478122805,"Inflation retreat",0
2024-02-01,310.326,3.9,3.1531711208616,"Inflation retreat",0
2024-03-01,312.332,3.9,3.47738507003803,"Inflation retreat",0
2024-04-01,313.548,3.9,3.35736395011916,"Inflation retreat",0
2024-05-01,314.069,3.9,3.26902905694002,"Inflation retreat",0
2024-06-01,314.175,4.1,2.97139710726331,"Inflation retreat",0
2024-07-01,314.54,4.2,2.89475319849131,"Inflation retreat",0
2024-08-01,314.796,4.2,2.53073029645696,"Inflation retreat",0
2024-09-01,315.301,4.1,2.44063303106998,"Inflation retreat",0
2024-10-01,315.664,4.1,2.59790490491467,"Inflation retreat",0
2024-11-01,315.493,4.2,2.74938039609056,"Inflation retreat",0
2024-12-01,315.605,4.1,2.88805721998007,"Inflation retreat",0
2025-01-01,317.671,4,3.00048311215011,"Recent period",0
2025-02-01,319.082,4.2,2.82154895174751,"Recent period",0
2025-03-01,319.799,4.2,2.3907252538965,"Recent period",0
2025-04-01,320.795,4.2,2.31128886167349,"Recent period",0
2025-05-01,321.465,4.3,2.35489653547467,"Recent period",0
2025-06-01,322.561,4.1,2.66921301822232,"Recent period",0
2025-07-01,323.048,4.3,2.7049023971514,"Recent period",0
2025-08-01,323.976,4.3,2.9161742842984,"Recent period",0
2025-09-01,324.8,4.4,3.01267677552561,"Recent period",0
2025-10-01,,,,"Recent period",1
2025-11-01,324.122,4.5,2.73508445512263,"Recent period",1
2025-12-01,324.054,4.4,2.67708052787501,"Recent period",1
2026-01-01,325.252,4.3,2.38643124490432,"Recent period",1
2026-02-01,326.785,4.4,2.41411298663041,"Recent period",1
2026-03-01,330.213,4.3,3.25642043908831,"Recent period",1
2026-04-01,333.02,4.3,3.81084493212176,"Recent period",1
2026-05-01,335.123,4.3,4.24867403916445,"Recent period",1
2026-06-01,333.952,4.2,3.53142506378639,"Recent period",1
2026-07-01,333.918,4.1,3.3648250414799,"Recent period",1
2026-08-01,334.98,4.1,3.39654789243649,"Recent period",1
