"term","estimate","se","lower","upper"
"(Intercept)",0.770709410180583,0.00516467289176512,0.760509200779164,0.780909619582002
"sexWomen",-0.0472502158499162,0.00545672905283344,-0.0580272350633605,-0.0364731966364719
"child_groupage0_5",0.112327528324784,0.00582303115696003,0.100827063842961,0.123827992806607
"child_groupage6_12",0.105254736267593,0.00704802055471774,0.0913349223645184,0.119174550170668
"child_groupage13_17",0.106965281085601,0.00827286289562696,0.0906264081979936,0.123304153973209
"age_band35-44",-0.00446640452428488,0.0051992809092796,-0.0147349646292263,0.00580215558065655
"age_band45-54",-0.0258987876594434,0.00560647369337205,-0.0369715519708336,-0.0148260233480531
"collegeBA or higher",0.130933369605214,0.00407076260414278,0.122893628878956,0.138973110331471
"sexWomen:child_groupage0_5",-0.219280444223822,0.00989180296094543,-0.238816717609132,-0.199744170838513
"sexWomen:child_groupage6_12",-0.124451938361081,0.010201155271462,-0.144599181388072,-0.104304695334091
"sexWomen:child_groupage13_17",-0.0926804550386326,0.011375596019793,-0.115147214095697,-0.0702136959815687
